{
  "metadata": {
    "word_length": 3,
    "node_count": 36,
    "edge_count": 101
  },
  "words": [
    "cat",
    "fat",
    "mat",
    "bat",
    "mad",
    "bad",
    "dad",
    "hat",
    "rat",
    "pat",
    "sat",
    "sad",
    "bag",
    "big",
    "bug",
    "bud",
    "bed",
    "red",
    "rad",
    "rod",
    "pod",
    "pad",
    "pan",
    "man",
    "map",
    "cap",
    "can",
    "ran",
    "ram",
    "raw",
    "war",
    "way",
    "wax",
    "tax",
    "tag",
    "tan"
  ],
  "graph": {
    "cat": {
      "fat": 1.931,
      "mat": 1.9695,
      "bat": 1.931,
      "hat": 1.9695,
      "rat": 1.9420000000000002,
      "pat": 2.0695,
      "sat": 1.925,
      "cap": 1.585,
      "can": 1.539
    },
    "fat": {
      "cat": 1.931,
      "mat": 1.9725000000000001,
      "bat": 1.9340000000000002,
      "hat": 1.9325,
      "rat": 1.905,
      "pat": 2.0324999999999998,
      "sat": 1.9280000000000002
    },
    "mat": {
      "cat": 1.9695,
      "fat": 1.9725000000000001,
      "bat": 1.9325,
      "hat": 1.931,
      "rat": 1.9835000000000003,
      "pat": 1.991,
      "sat": 2.0065,
      "mad": 1.545,
      "man": 1.539,
      "map": 1.585
    },
    "bat": {
      "cat": 1.931,
      "fat": 1.9340000000000002,
      "mat": 1.9325,
      "hat": 1.9325,
      "rat": 1.945,
      "pat": 2.0324999999999998,
      "sat": 1.9680000000000002,
      "bad": 1.545,
      "bag": 1.5065
    },
    "hat": {
      "cat": 1.9695,
      "fat": 1.9325,
      "mat": 1.931,
      "bat": 1.9325,
      "rat": 1.9435000000000002,
      "pat": 1.991,
      "sat": 1.9665000000000001
    },
    "rat": {
      "cat": 1.9420000000000002,
      "fat": 1.905,
      "mat": 1.9835000000000003,
      "bat": 1.945,
      "hat": 1.9435000000000002,
      "pat": 2.0035000000000003,
      "sat": 1.939,
      "rad": 1.545,
      "ran": 1.539,
      "ram": 1.565,
      "raw": 1.5465
    },
    "pat": {
      "cat": 2.0695,
      "fat": 2.0324999999999998,
      "mat": 1.991,
      "bat": 2.0324999999999998,
      "hat": 1.991,
      "rat": 2.0035000000000003,
      "sat": 2.0665,
      "pad": 1.545,
      "pan": 1.539
    },
    "sat": {
      "cat": 1.925,
      "fat": 1.9280000000000002,
      "mat": 2.0065,
      "bat": 1.9680000000000002,
      "hat": 1.9665000000000001,
      "rat": 1.939,
      "pat": 2.0665,
      "sad": 1.545
    },
    "cap": {
      "cat": 1.585,
      "can": 1.6049999999999998,
      "map": 1.9695
    },
    "can": {
      "cat": 1.539,
      "cap": 1.6049999999999998,
      "pan": 2.0695,
      "man": 1.9695,
      "ran": 1.9420000000000002,
      "tan": 1.9635000000000002
    },
    "mad": {
      "mat": 1.545,
      "man": 1.565,
      "map": 1.6509999999999998,
      "bad": 1.9325,
      "dad": 1.991,
      "sad": 2.0065,
      "rad": 1.9835000000000003,
      "pad": 1.991
    },
    "man": {
      "mat": 1.539,
      "mad": 1.565,
      "map": 1.6049999999999998,
      "pan": 1.991,
      "can": 1.9695,
      "ran": 1.9835000000000003,
      "tan": 1.965
    },
    "map": {
      "mat": 1.585,
      "mad": 1.6509999999999998,
      "man": 1.6049999999999998,
      "cap": 1.9695
    },
    "bad": {
      "bat": 1.545,
      "bag": 1.5325,
      "mad": 1.9325,
      "dad": 1.9525000000000001,
      "sad": 1.9680000000000002,
      "rad": 1.945,
      "pad": 2.0324999999999998,
      "bud": 1.8204999999999998,
      "bed": 1.7315
    },
    "bag": {
      "bat": 1.5065,
      "bad": 1.5325,
      "tag": 1.9265,
      "big": 1.836,
      "bug": 1.8204999999999998
    },
    "dad": {
      "mad": 1.991,
      "bad": 1.9525000000000001,
      "sad": 1.9065,
      "rad": 1.9235000000000002,
      "pad": 2.051
    },
    "sad": {
      "mad": 2.0065,
      "bad": 1.9680000000000002,
      "dad": 1.9065,
      "rad": 1.939,
      "pad": 2.0665,
      "sat": 1.545
    },
    "rad": {
      "mad": 1.9835000000000003,
      "bad": 1.945,
      "dad": 1.9235000000000002,
      "sad": 1.939,
      "pad": 2.0035000000000003,
      "rat": 1.545,
      "ran": 1.565,
      "ram": 1.591,
      "raw": 1.5325,
      "red": 1.7315,
      "rod": 1.8559999999999999
    },
    "pad": {
      "mad": 1.991,
      "bad": 2.0324999999999998,
      "dad": 2.051,
      "sad": 2.0665,
      "rad": 2.0035000000000003,
      "pat": 1.545,
      "pan": 1.565,
      "pod": 1.8559999999999999
    },
    "bud": {
      "bad": 1.8204999999999998,
      "bed": 1.759,
      "bug": 1.5325
    },
    "bed": {
      "bad": 1.7315,
      "bud": 1.759,
      "red": 1.945
    },
    "ran": {
      "rat": 1.539,
      "rad": 1.565,
      "ram": 1.505,
      "raw": 1.6064999999999998,
      "pan": 2.0035000000000003,
      "man": 1.9835000000000003,
      "can": 1.9420000000000002,
      "tan": 1.8975000000000002
    },
    "ram": {
      "rat": 1.565,
      "rad": 1.591,
      "ran": 1.505,
      "raw": 1.6324999999999998
    },
    "raw": {
      "rat": 1.5465,
      "rad": 1.5325,
      "ran": 1.6064999999999998,
      "ram": 1.6324999999999998
    },
    "pan": {
      "pat": 1.539,
      "pad": 1.565,
      "man": 1.991,
      "can": 2.0695,
      "ran": 2.0035000000000003,
      "tan": 1.985
    },
    "tag": {
      "bag": 1.9265,
      "tax": 1.5755,
      "tan": 1.5265
    },
    "big": {
      "bag": 1.836,
      "bug": 1.7035
    },
    "bug": {
      "bag": 1.8204999999999998,
      "big": 1.7035,
      "bud": 1.5325
    },
    "red": {
      "bed": 1.945,
      "rad": 1.7315,
      "rod": 1.7945
    },
    "rod": {
      "red": 1.7945,
      "rad": 1.8559999999999999,
      "pod": 2.0035000000000003
    },
    "pod": {
      "rod": 2.0035000000000003,
      "pad": 1.8559999999999999
    },
    "tan": {
      "pan": 1.985,
      "man": 1.965,
      "can": 1.9635000000000002,
      "ran": 1.8975000000000002,
      "tax": 1.568,
      "tag": 1.5265
    },
    "war": {
      "way": 1.525,
      "wax": 1.5665
    },
    "way": {
      "war": 1.525,
      "wax": 1.6155
    },
    "wax": {
      "war": 1.5665,
      "way": 1.6155,
      "tax": 1.9465000000000001
    },
    "tax": {
      "wax": 1.9465000000000001,
      "tag": 1.5755,
      "tan": 1.568
    }
  }
}